﻿{
    "id": "octopus-create-release",
    "name": "OctopusCreateRelease",
    "friendlyName": "Create Octopus Release",
    "description": "Create a Release in Octopus Deploy",
    "category": "Deploy",
    "visibility": [
        "Build",
        "Release"
    ],
    "author": "Octopus Deploy",
    "version": {
        "Major": 0,
        "Minor": 4,
        "Patch": 0
    },
    "minimumAgentVersion": "1.82.0",
	"groups": [
		{
			"name": "releasenotes",
			"displayName": "Release Notes",
			"isExpanded": true
		},
        {
            "name": "additional",
            "displayName": "Additional Options",
            "isExpanded": false
        }
    ],
    "inputs": [
        {
            "name": "ConnectedServiceName",
            "type": "connectedService:Generic",
            "label": "Octopus Deploy Server",
            "defaultValue": "",
            "required": true,
            "helpMarkDown": "Octopus Deploy server connection"
        },
        {
            "name": "ProjectName",
            "type": "string",
            "label": "Project Name",
            "defaultValue": "",
            "required": true,
            "helpMarkDown": "Octopus Deploy Project Name"
        },
		{
			"name": "ChangesetCommentReleaseNotes",
			"type": "boolean",
			"label": "Include Changeset Comments",
			"defaultValue": "false",
			"required": false,
			"helpMarkDown": "Whether to include linked Changeset comments in Octopus Release notes",
			"groupName": "releasenotes"
		},
		{
			"name": "WorkItemReleaseNotes",
			"type": "boolean",
			"label": "Include Work Items",
			"defaultValue": "false",
			"required": false,
			"helpMarkDown": "Whether to include linked Work Item Titles in Octopus Release notes",
			"groupName": "releasenotes"
		},
		{
			"name": "DeployTo",
			"type": "string",
			"label": "Deploy Release To",
			"defaultValue": "",
			"required": false,
			"helpMarkDown": "Deploy the release to this environment after creating it",
			"groupName": "additional"
		},
        {
            "name": "AdditionalArguments",
            "type": "string",
            "label": "Additional Octo.exe Arguments ",
            "defaultValue": "",
            "required": false,
            "helpMarkDown": "Additional arguments to send to octo.exe",
			"groupName":"additional"
        }
    ],
    "instanceNameFormat": "Create Octopus Release: $(ProjectName)",
    "execution": {
        "PowerShell": {
            "target": "$(currentDirectory)\\Octopus-CreateRelease.ps1",
            "argumentFormat": "",
            "workingDirectory": "$(currentDirectory)"
        }
    }
}
